policy_annual_premium,injury_claim,property_claim,policy_csl_250/500,policy_csl_500/1000,insured_sex_MALE,insured_education_level_College,insured_education_level_High School,insured_education_level_JD,insured_education_level_MD,insured_education_level_Masters,insured_education_level_PhD,insured_occupation_armed-forces,insured_occupation_craft-repair,insured_occupation_exec-managerial,insured_occupation_farming-fishing,insured_occupation_handlers-cleaners,insured_occupation_machine-op-inspct,insured_occupation_other-service,insured_occupation_priv-house-serv,insured_occupation_prof-specialty,insured_occupation_protective-serv,insured_occupation_sales,insured_occupation_tech-support,insured_occupation_transport-moving,insured_relationship_not-in-family,insured_relationship_other-relative,insured_relationship_own-child,insured_relationship_unmarried,insured_relationship_wife,incident_type_Parked Car,incident_type_Single Vehicle Collision,incident_type_Vehicle Theft,collision_type_Rear Collision,collision_type_Side Collision,incident_severity_Minor Damage,incident_severity_Total Loss,incident_severity_Trivial Damage,authorities_contacted_Fire,authorities_contacted_Other,authorities_contacted_Police,property_damage_YES,police_report_available_YES,months_as_customer,policy_deductable,umbrella_limit,capital-gains,capital-loss,incident_hour_of_the_day,number_of_vehicles_involved,bodily_injuries,witnesses,vehicle_claim,True_Label,Predicted_Label
1137.02,16020,16020,True,False,False,False,False,False,False,False,True,False,False,False,True,False,False,False,False,False,False,False,False,False,True,False,False,False,False,False,True,False,True,False,False,True,False,False,False,False,True,False,5,2000,0,31500,0,22,1,1,3,56070,N,N
1422.78,5280,5280,False,True,False,False,True,False,False,False,False,False,False,True,False,False,False,False,False,False,False,False,False,False,False,False,False,False,False,False,False,False,False,False,False,True,False,False,False,False,False,True,160,1000,0,61600,0,17,3,2,3,42240,N,N
976.37,13520,6760,True,False,False,False,False,False,True,False,False,False,True,False,False,False,False,False,False,False,False,False,False,False,False,False,False,False,False,False,False,False,True,False,True,False,False,False,True,False,False,False,385,1000,0,0,-61000,14,3,1,3,47320,N,N
1373.21,6280,12560,False,False,True,True,False,False,False,False,False,False,False,False,False,False,False,False,False,False,False,False,False,False,False,False,False,True,False,False,False,False,False,False,False,True,False,False,False,True,False,False,446,2000,0,42700,-64900,10,3,0,0,43960,N,N
1117.17,620,1240,True,False,False,False,True,False,False,False,False,False,False,False,False,False,True,False,False,False,False,False,False,False,True,False,False,False,False,True,False,False,True,False,False,False,True,False,False,True,True,True,84,1000,0,0,-29900,6,1,2,0,4960,N,Y
948.1,13860,6930,False,True,False,False,True,False,False,False,False,False,False,False,False,False,True,False,False,False,False,False,False,False,False,False,False,False,True,False,False,False,False,False,True,False,False,True,False,False,False,False,276,500,0,44500,-61400,11,3,0,2,48510,N,N
836.11,12140,6070,False,False,True,False,False,False,False,True,False,False,False,False,False,False,False,False,False,False,False,True,False,False,True,False,False,False,False,False,False,False,False,True,False,False,False,True,False,False,True,False,303,2000,5000000,0,0,1,4,1,2,54630,N,Y
1437.53,11940,5970,True,False,False,True,False,False,False,False,False,False,False,False,False,False,False,False,False,False,False,False,False,True,True,False,False,False,False,False,False,False,False,True,True,False,False,False,False,False,False,False,184,1000,0,0,0,6,3,0,2,35820,Y,N
1193.4,8900,4450,False,True,True,False,False,False,False,False,True,False,False,True,False,False,False,False,False,False,False,False,False,False,False,False,True,False,False,False,False,False,False,True,False,True,False,False,True,False,False,False,130,2000,0,0,-40800,16,3,2,3,35600,N,N
1439.34,410,410,False,False,False,False,True,False,False,False,False,False,False,False,False,False,False,False,False,False,False,True,False,False,False,True,False,False,False,False,False,True,True,False,True,False,False,False,False,True,False,False,200,1000,0,45300,-20400,9,1,0,0,2870,N,N
1173.25,520,520,True,False,False,False,False,False,False,True,False,False,False,False,False,False,False,False,False,False,True,False,False,False,False,False,False,False,False,False,False,True,True,False,True,False,False,False,False,False,False,True,114,1000,0,0,-34700,3,1,0,3,3640,N,N
1038.09,14900,7450,False,True,False,True,False,False,False,False,False,False,False,False,False,True,False,False,False,False,False,False,False,False,False,False,False,False,False,False,False,False,False,False,True,False,False,True,False,False,False,True,270,1000,0,0,-19700,18,3,1,1,67050,N,N
1609.11,0,1220,False,False,True,False,True,False,False,False,False,False,True,False,False,False,False,False,False,False,False,False,False,False,False,False,True,False,False,False,False,True,True,False,True,False,False,False,False,True,True,True,106,2000,0,0,0,8,1,2,1,4270,N,N
1060.74,9820,4910,False,True,True,False,False,False,False,False,True,False,False,False,False,False,False,False,False,False,False,False,True,False,False,False,True,False,False,False,True,False,True,False,False,False,False,False,False,False,True,False,230,1000,0,0,-51500,15,1,2,3,34370,Y,Y
1054.92,8530,0,True,False,False,False,False,False,False,False,True,False,False,False,False,False,False,False,False,True,False,False,False,False,False,False,True,False,False,False,True,False,False,False,False,False,False,False,True,False,False,False,147,500,6000000,51900,0,4,1,0,0,59710,Y,Y
1319.97,470,940,False,True,False,False,False,False,False,False,False,False,True,False,False,False,False,False,False,False,False,False,False,False,False,False,True,False,False,False,False,True,True,False,True,False,False,False,False,False,True,False,127,500,0,73700,0,8,1,1,3,3290,N,N
1422.36,7760,7760,True,False,False,False,False,True,False,False,False,False,True,False,False,False,False,False,False,False,False,False,False,False,False,False,False,True,False,False,False,False,False,True,True,False,False,True,False,False,False,False,259,1000,0,0,-83900,12,3,1,3,31040,N,N
1051.67,0,4270,False,True,False,False,False,False,False,False,False,False,False,True,False,False,False,False,False,False,False,False,False,False,True,False,False,False,False,False,False,False,False,True,False,False,False,False,False,False,True,False,115,1000,0,0,0,18,3,0,3,29890,Y,Y
995.55,12400,12400,False,False,True,True,False,False,False,False,False,False,False,False,False,False,False,False,False,False,True,False,False,False,False,False,False,False,True,False,False,False,True,False,False,False,False,False,False,True,True,False,440,1000,5000000,51500,-52100,19,3,0,3,43400,Y,Y
1454.42,12380,12380,False,True,True,False,False,False,False,False,False,False,False,False,False,False,False,False,False,False,True,False,False,False,False,True,False,False,False,False,True,False,False,True,False,False,False,False,True,False,True,True,85,1000,0,51600,-73900,19,1,0,1,49520,Y,Y
1380.89,12220,12220,True,False,True,False,False,False,False,False,True,True,False,False,False,False,False,False,False,False,False,False,False,False,False,False,True,False,False,False,False,False,True,False,True,False,False,False,False,False,False,False,101,500,0,30000,-53000,0,3,2,1,42770,N,N
1226.49,610,1220,False,False,False,False,False,False,False,False,True,False,False,False,True,False,False,False,False,False,False,False,False,False,False,False,False,True,False,False,False,True,True,False,False,False,True,False,False,False,False,False,294,1000,0,53900,0,3,1,0,1,4270,N,Y
1403.9,4010,8020,False,True,False,False,False,False,False,False,True,False,False,False,True,False,False,False,False,False,False,False,False,False,False,False,True,False,False,False,False,False,False,True,False,True,False,False,False,True,False,True,273,1000,0,0,0,16,2,1,2,32080,N,N
1216.68,300,300,False,False,False,False,False,False,False,True,False,False,False,False,False,False,False,False,False,False,False,True,False,False,False,True,False,False,False,False,False,True,True,False,False,False,True,False,False,True,False,False,285,1000,0,55100,0,8,1,1,1,2100,N,Y
1620.89,1020,1020,True,False,False,False,True,False,False,False,False,False,False,False,False,True,False,False,False,False,False,False,False,False,False,True,False,False,False,False,False,True,True,False,True,False,False,False,False,True,False,False,63,2000,0,0,0,7,1,2,0,4080,N,N
1506.21,12760,6380,False,False,True,False,False,False,False,True,False,False,False,False,False,False,False,False,False,False,False,False,False,True,False,False,False,True,False,False,False,False,False,True,True,False,False,True,False,False,False,False,428,2000,0,0,-24400,16,3,1,0,57420,N,N
1474.17,10560,5280,False,False,False,True,False,False,False,False,False,False,False,False,False,False,False,False,False,False,False,False,True,False,False,False,False,True,False,False,True,False,False,True,False,False,False,False,False,True,True,True,80,1000,0,0,0,13,1,1,0,36960,N,Y
944.03,15400,7700,False,False,True,True,False,False,False,False,False,False,False,False,False,True,False,False,False,False,False,False,False,False,True,False,False,False,False,False,True,False,True,False,True,False,False,False,True,False,True,False,232,500,0,0,-58400,11,1,2,3,53900,Y,N
1468.82,5000,10000,False,True,True,False,False,True,False,False,False,False,False,False,False,True,False,False,False,False,False,False,False,False,False,True,False,False,False,False,False,False,False,True,True,False,False,True,False,False,False,False,64,1000,0,56800,-51800,9,3,2,1,45000,N,N
1006.99,4840,4840,True,False,False,False,False,False,False,True,False,False,False,False,False,False,False,False,False,False,False,True,False,False,False,False,True,False,False,False,True,False,False,True,True,False,False,False,True,False,False,False,465,500,6000000,0,0,7,1,0,3,33880,N,N
1127.89,6580,6580,True,False,True,False,False,False,False,False,False,False,False,False,False,False,True,False,False,False,False,False,False,False,False,False,True,False,False,False,True,False,True,False,True,False,False,False,False,False,True,True,429,1000,6000000,67400,-43800,0,1,2,0,26320,N,N
1198.15,12260,12260,True,False,False,False,False,False,True,False,False,False,False,False,False,False,False,True,False,False,False,False,False,False,True,False,False,False,False,False,False,False,False,False,False,True,False,False,True,False,False,True,124,1000,0,0,-43200,19,3,0,2,49040,N,N
1048.39,6300,3150,False,False,False,False,False,False,False,True,False,False,False,False,False,False,False,False,False,False,False,False,False,True,False,False,True,False,False,False,True,False,False,True,True,False,False,False,False,True,False,True,87,500,0,0,0,2,1,2,1,25200,N,N
1525.86,13340,6670,False,False,False,False,False,False,False,False,True,False,True,False,False,False,False,False,False,False,False,False,False,False,False,False,True,False,False,False,True,False,False,True,True,False,False,False,True,False,True,True,304,1000,0,0,0,2,1,1,1,53360,N,N
1366.39,11680,5840,False,False,True,False,True,False,False,False,False,False,False,False,False,False,False,False,False,False,True,False,False,False,False,True,False,False,False,False,False,False,False,False,False,False,False,False,True,False,True,False,396,1000,0,0,-22400,22,3,2,1,35040,N,Y
1411.43,5940,11880,True,False,True,False,False,False,False,True,False,True,False,False,False,False,False,False,False,False,False,False,False,False,False,False,True,False,False,False,True,False,False,False,False,False,False,False,False,False,True,False,328,500,0,45100,-32800,17,1,2,1,41580,N,Y
1203.81,13700,20550,True,False,True,False,False,True,False,False,False,False,False,False,False,False,False,False,False,False,False,False,False,True,True,False,False,False,False,False,False,False,True,False,True,False,False,False,False,True,False,False,194,500,0,52500,-51300,17,3,0,2,61650,N,N
1631.1,670,670,False,False,False,False,True,False,False,False,False,False,False,False,False,False,False,False,True,False,False,False,False,False,False,False,False,False,True,True,False,False,True,False,False,False,True,False,False,True,False,False,96,1000,0,0,0,4,1,1,2,4690,N,Y
915.41,4050,4050,True,False,False,False,True,False,False,False,False,False,False,True,False,False,False,False,False,False,False,False,False,False,False,False,True,False,False,False,True,False,False,True,False,True,False,False,False,True,True,False,5,500,5000000,0,0,23,1,0,0,32400,N,N
870.63,11440,5720,True,False,False,False,False,False,True,False,False,False,False,False,False,False,False,False,False,False,False,False,False,False,False,False,True,False,False,False,False,False,False,True,True,False,False,False,False,True,False,False,151,2000,0,94800,-58500,12,3,1,1,45760,N,N
1379.93,9420,4710,True,False,True,False,False,False,True,False,False,True,False,False,False,False,False,False,False,False,False,False,False,False,False,False,False,False,False,False,False,False,False,True,False,False,False,False,True,False,False,True,257,500,0,0,0,6,3,0,2,37680,Y,Y
1690.27,6630,6630,False,True,False,False,False,False,False,False,False,False,False,False,False,False,False,False,False,False,True,False,False,False,True,False,False,False,False,False,True,False,False,True,False,False,False,True,False,False,True,False,325,1000,0,61500,0,11,1,0,3,59670,Y,Y
1327.41,3500,7000,False,False,False,False,False,False,False,False,False,False,False,False,False,True,False,False,False,False,False,False,False,False,False,True,False,False,False,False,True,False,False,True,False,True,False,False,True,False,False,False,158,2000,0,0,-38600,0,1,0,0,24500,N,N
951.56,15120,7560,False,False,False,False,False,True,False,False,False,False,False,False,False,False,False,False,False,False,False,False,False,True,False,False,False,False,True,False,False,False,False,True,False,False,False,False,False,True,False,False,234,500,0,59400,-78600,3,3,2,1,75600,Y,Y
1097.64,7080,21240,True,False,True,False,True,False,False,False,False,False,False,False,False,False,False,False,False,False,False,False,False,True,False,True,False,False,False,False,False,False,True,False,False,False,False,False,True,False,False,False,119,2000,0,27100,0,16,2,1,0,35400,N,Y
1411.3,10980,5490,False,False,True,False,False,False,False,False,True,False,False,False,False,False,False,False,False,True,False,False,False,False,False,False,False,True,False,False,True,False,True,False,True,False,False,False,True,False,False,False,264,500,0,55600,0,4,1,1,0,43920,Y,N
1341.24,5940,2970,False,True,False,False,False,False,True,False,False,False,False,False,True,False,False,False,False,False,False,False,False,False,False,False,False,False,True,False,False,False,True,False,True,False,False,False,False,False,False,False,135,2000,0,37100,-46500,18,3,0,1,23760,N,N
671.92,7120,7120,False,False,True,False,False,False,False,True,False,False,False,False,False,False,True,False,False,False,False,False,False,False,False,False,False,False,True,False,True,False,False,False,True,False,False,False,True,False,False,False,98,500,0,0,-26400,3,1,2,0,49840,N,N
1115.27,590,590,True,False,True,False,False,True,False,False,False,False,False,False,False,True,False,False,False,False,False,False,False,False,False,False,False,True,False,True,False,False,True,False,False,False,True,False,False,False,True,True,61,1000,0,0,-66000,10,1,2,1,4720,N,Y
1304.46,540,1080,False,False,False,False,False,False,False,False,True,False,False,False,False,False,True,False,False,False,False,False,False,False,False,True,False,False,False,False,False,True,True,False,False,False,True,False,False,False,False,True,9,2000,0,51700,-33300,6,1,0,3,4320,Y,Y
1744.64,3640,7280,False,False,True,False,False,True,False,False,False,False,False,False,False,False,False,False,False,True,False,False,False,False,False,False,False,True,False,False,False,False,True,False,False,True,False,False,False,False,False,False,158,1000,3000000,0,0,4,3,0,1,25480,N,N
1143.46,9760,9760,False,True,True,False,False,False,True,False,False,False,False,False,False,False,False,False,True,False,False,False,False,False,False,True,False,False,False,False,True,False,False,False,False,True,False,False,True,False,True,False,338,500,4000000,0,0,4,1,2,1,39040,N,N
1134.08,5900,5900,False,False,True,False,False,False,False,False,True,False,False,False,False,False,False,True,False,False,False,False,False,False,False,False,False,False,False,False,True,False,False,False,False,False,False,False,False,True,False,False,156,2000,0,0,0,3,1,2,0,47200,Y,Y
973.5,7860,7860,True,False,True,False,False,False,False,False,True,False,False,False,False,False,True,False,False,False,False,False,False,False,True,False,False,False,False,False,False,False,True,False,False,True,False,False,False,True,True,True,415,1000,0,50400,0,15,2,1,3,35370,N,N
1268.79,8180,16360,False,False,True,False,False,False,True,False,False,False,False,False,False,False,False,False,True,False,False,False,False,False,False,False,True,False,False,False,True,False,False,False,False,True,False,False,False,False,False,False,413,2000,0,0,-31000,15,1,2,2,73620,Y,N
954.16,12600,12600,True,False,True,False,False,False,False,True,False,False,False,False,False,False,False,False,False,True,False,False,False,False,False,False,False,False,False,False,False,False,False,True,False,False,False,False,False,False,False,False,64,1000,0,53200,0,22,4,0,0,50400,N,Y
1354.83,4060,4060,False,False,True,False,False,False,True,False,False,False,False,False,False,False,False,False,False,False,False,False,True,False,False,False,False,False,False,False,False,False,False,False,True,False,False,False,False,True,False,False,103,500,0,66300,0,14,2,2,2,32480,N,N
1253.12,7910,15820,False,False,False,False,False,False,False,True,False,False,False,True,False,False,False,False,False,False,False,False,False,False,False,True,False,False,False,False,True,False,False,False,False,True,False,False,False,True,True,False,235,500,4000000,38400,0,22,1,2,2,63280,N,N
1451.01,2810,5620,True,False,False,True,False,False,False,False,False,False,False,False,False,False,False,True,False,False,False,False,False,False,False,False,True,False,False,False,True,False,False,False,True,False,False,False,False,False,False,False,298,500,0,47800,0,17,1,2,2,19670,N,N
1726.91,720,1440,True,False,True,False,True,False,False,False,False,False,False,False,False,False,False,True,False,False,False,False,False,False,False,False,True,False,False,False,False,True,True,False,False,False,True,False,False,False,False,False,65,1000,0,0,0,14,1,0,0,5040,N,Y
972.47,7710,15420,True,False,True,True,False,False,False,False,False,False,False,False,False,False,False,False,False,False,True,False,False,False,False,False,False,False,True,False,False,False,False,False,True,False,False,False,False,True,True,True,231,2000,0,0,-58100,15,3,2,2,53970,N,N
1393.57,480,480,True,False,True,False,False,False,False,False,True,False,False,False,False,False,True,False,False,False,False,False,False,False,True,False,False,False,False,True,False,False,True,False,True,False,False,False,False,True,False,True,195,1000,0,47600,-39600,5,1,0,1,1680,N,N
1017.18,8740,8740,False,False,False,False,False,False,True,False,False,False,False,False,False,False,False,False,False,True,False,False,False,False,False,False,False,False,False,False,False,False,True,False,False,False,False,False,False,True,True,False,93,2000,0,0,0,21,3,1,3,30590,N,Y
767.14,1760,880,True,False,True,False,False,False,False,False,False,False,False,False,False,False,False,False,False,False,False,True,False,False,True,False,False,False,False,True,False,False,True,False,False,False,True,False,False,True,False,False,404,500,0,25500,-36700,8,1,0,1,6160,N,Y
1141.1,5970,11940,False,False,True,False,False,True,False,False,False,True,False,False,False,False,False,False,False,False,False,False,False,False,False,True,False,False,False,False,False,False,False,True,True,False,False,False,False,True,False,True,75,1000,0,0,0,15,2,0,1,53730,N,N
1667.83,1200,1200,True,False,True,False,False,True,False,False,False,False,False,False,False,False,False,False,False,True,False,False,False,False,False,False,False,False,False,True,False,False,True,False,True,False,False,False,False,True,True,False,137,500,0,48500,-67400,4,1,1,1,4200,N,N
1295.63,5940,5940,True,False,False,False,False,False,False,False,True,True,False,False,False,False,False,False,False,False,False,False,False,False,True,False,False,False,False,False,False,False,False,False,False,True,False,False,False,True,True,False,211,2000,4000000,42200,-33800,22,3,1,0,41580,N,N
1034.27,7100,7100,False,False,False,False,False,True,False,False,False,True,False,False,False,False,False,False,False,False,False,False,False,False,False,False,False,False,False,False,True,False,False,False,True,False,False,True,False,False,False,False,152,1000,0,0,0,18,1,1,0,49700,N,N
1105.49,12420,6210,False,False,False,False,False,False,False,False,False,False,False,False,False,False,False,False,False,True,False,False,False,False,False,False,True,False,False,False,False,False,False,True,False,False,False,False,True,False,False,False,271,500,0,56200,-50000,12,2,2,3,49680,Y,Y
1221.17,5670,11340,False,False,False,False,False,False,False,True,False,False,False,False,False,False,False,False,False,False,True,False,False,False,True,False,False,False,False,False,False,False,True,False,True,False,False,False,False,False,True,True,37,1000,0,49300,0,4,3,0,0,34020,N,N
1207.36,7420,14840,False,True,False,False,True,False,False,False,False,False,False,False,False,True,False,False,False,False,False,False,False,False,False,False,True,False,False,False,False,False,False,False,False,False,False,False,False,False,False,False,118,2000,0,0,-57000,22,2,1,0,51940,N,Y
1331.69,10300,10300,False,False,False,False,False,False,False,True,False,False,False,False,False,False,False,False,False,False,False,False,False,False,True,False,False,False,False,False,True,False,True,False,True,False,False,False,False,True,False,False,231,2000,0,0,0,12,1,1,2,46350,N,N
1233.85,0,14280,False,False,False,True,False,False,False,False,False,False,False,False,False,True,False,False,False,False,False,False,False,False,False,False,False,False,False,False,False,False,False,True,False,True,False,False,False,False,False,True,193,500,0,0,0,23,3,2,1,49980,N,N
1124.59,6800,6800,True,False,True,True,False,False,False,False,False,False,False,False,False,False,False,False,False,False,False,False,False,False,True,False,False,False,False,False,True,False,True,False,True,False,False,False,True,False,False,False,100,500,6000000,67300,0,4,1,1,2,27200,N,N
1366.9,10540,10540,True,False,False,False,True,False,False,False,False,False,False,False,False,True,False,False,False,False,False,False,False,False,False,False,False,False,False,False,False,False,True,False,False,False,False,True,False,False,False,False,39,2000,0,0,-15700,14,3,1,0,31620,Y,Y
1248.25,1460,1460,False,True,False,True,False,False,False,False,False,False,False,False,False,False,False,False,False,False,False,True,False,False,False,False,True,False,False,True,False,False,True,False,True,False,False,False,False,True,False,False,40,1000,4000000,0,-33300,8,1,0,2,5840,N,N
912.3,12500,12500,False,True,True,True,False,False,False,False,False,False,False,False,False,False,False,False,False,True,False,False,False,False,False,False,False,False,True,False,False,False,False,False,False,False,False,False,True,False,False,False,356,500,0,58500,-44000,23,3,2,1,43750,Y,Y
1262.08,10940,10940,True,False,True,False,False,True,False,False,False,False,False,False,False,False,False,False,False,False,False,False,True,False,False,False,False,False,True,False,True,False,False,False,False,False,False,False,False,False,False,False,199,500,0,48500,0,4,1,0,3,38290,Y,Y
1389.86,6510,6510,False,True,False,False,False,False,False,False,False,False,False,False,False,False,False,False,True,False,False,False,False,False,False,False,False,False,False,False,False,False,False,True,False,True,False,False,True,False,False,True,75,1000,0,0,0,23,2,2,3,52080,N,N
1366.42,5910,5910,True,False,False,False,False,False,False,False,False,False,False,False,False,False,False,False,False,False,True,False,False,False,False,False,False,True,False,False,False,False,True,False,False,True,False,True,False,False,False,True,151,500,0,44000,0,14,3,1,2,47280,Y,N
1471.24,4060,4060,False,False,False,False,False,False,False,True,False,False,False,False,True,False,False,False,False,False,False,False,False,False,False,False,True,False,False,False,False,False,False,True,True,False,False,False,False,True,False,False,148,500,0,57500,-93600,4,3,2,2,24360,N,N
1239.22,13800,13800,True,False,False,False,True,False,False,False,False,False,False,False,False,False,False,False,False,False,False,False,True,False,True,False,False,False,False,False,True,False,False,True,True,False,False,True,False,False,True,False,107,500,7000000,43400,-91200,12,1,0,1,62100,Y,N
1307.74,4170,4170,False,True,False,False,False,False,False,False,False,False,False,False,False,False,True,False,False,False,False,False,False,False,False,False,True,False,False,False,False,False,False,False,False,False,False,False,False,False,False,False,243,500,0,0,-75700,10,3,0,1,29190,N,Y
835.02,0,3770,True,False,False,False,False,False,False,False,False,False,False,False,False,False,False,False,False,False,False,False,False,False,False,False,False,True,False,False,False,False,False,True,True,False,False,True,False,False,False,False,478,500,0,59600,0,17,3,1,1,30160,N,N
903.32,6340,3170,True,False,False,False,True,False,False,False,False,False,False,False,False,False,False,False,False,False,False,False,False,True,True,False,False,False,False,False,False,False,True,False,True,False,False,False,False,True,False,False,1,500,0,0,0,1,3,1,0,22190,N,N
999.52,1440,720,True,False,True,False,False,True,False,False,False,False,False,False,False,False,False,False,False,False,False,False,True,False,False,True,False,False,False,False,False,True,True,False,True,False,False,False,False,True,False,False,210,500,0,0,0,6,1,1,2,6480,N,N
1356.92,5220,5220,False,True,True,False,False,False,False,False,False,False,False,False,False,True,False,False,False,False,False,False,False,False,False,False,False,False,True,False,True,False,True,False,False,False,False,False,True,False,False,True,458,2000,5000000,0,0,2,1,0,1,36540,N,Y
1265.72,9900,9900,False,True,False,False,False,False,False,True,False,False,False,False,False,True,False,False,False,False,False,False,False,False,False,False,False,False,True,False,True,False,False,False,False,False,False,True,False,False,True,False,475,500,0,0,-59500,23,1,0,2,44550,N,Y
1145.85,9220,4610,False,False,True,False,False,True,False,False,False,False,False,False,False,False,False,False,False,False,False,True,False,False,True,False,False,False,False,False,False,False,True,False,False,True,False,False,True,False,False,True,435,2000,0,0,-40000,19,3,1,1,27660,N,N
1724.09,5980,11960,False,False,True,False,False,False,False,False,True,False,True,False,False,False,False,False,False,False,False,False,False,False,False,False,True,False,False,False,False,False,True,False,True,False,False,False,False,True,True,False,276,1000,0,0,0,23,3,0,0,47840,N,N
1091.73,5550,5550,True,False,True,False,False,False,False,False,True,False,False,True,False,False,False,False,False,False,False,False,False,False,True,False,False,False,False,False,False,False,True,False,True,False,False,False,True,False,False,True,113,2000,0,36100,-42300,15,3,0,2,38850,Y,Y
1437.88,14000,0,False,False,False,True,False,False,False,False,False,False,False,False,False,False,False,False,False,False,False,False,False,True,False,False,False,False,False,False,True,False,False,True,False,True,False,True,False,False,False,True,88,1000,0,42800,-51200,3,1,2,0,42000,N,N
1281.72,4340,4340,False,False,True,True,False,False,False,False,False,False,False,False,True,False,False,False,False,False,False,False,False,False,False,True,False,False,False,False,False,False,True,False,True,False,False,True,False,False,False,True,220,1000,0,33500,-49500,20,4,0,2,39060,N,N
1314.6,12780,6390,False,True,False,False,False,False,True,False,False,False,False,False,False,False,False,False,False,True,False,False,False,False,True,False,False,False,False,False,True,False,True,False,False,True,False,False,True,False,False,False,328,500,0,24800,0,0,1,2,3,51120,Y,N
1231.01,3160,3160,False,True,True,True,False,False,False,False,False,False,False,False,False,False,False,False,False,False,False,False,False,False,False,False,False,False,False,False,False,False,False,False,True,False,False,True,False,False,False,False,133,1000,0,0,-31700,19,3,1,2,22120,N,N
1111.72,4650,4650,False,False,True,False,False,True,False,False,False,False,False,True,False,False,False,False,False,False,False,False,False,False,False,True,False,False,False,False,True,False,False,True,False,False,False,True,False,False,False,False,61,500,0,54600,0,6,1,1,2,32550,N,Y
1561.41,12780,12780,False,True,False,False,True,False,False,False,False,False,False,False,False,True,False,False,False,False,False,False,False,False,False,False,False,False,False,False,False,False,True,False,True,False,False,False,False,True,True,False,366,1000,0,21200,0,5,3,1,3,44730,N,N
1318.24,940,470,False,True,False,True,False,False,False,False,False,False,False,False,False,False,False,False,False,True,False,False,False,False,True,False,False,False,False,True,False,False,True,False,False,False,True,False,False,False,False,True,31,2000,9000000,0,-78600,9,1,0,1,3290,N,Y
1848.81,11420,5710,False,True,True,False,False,True,False,False,False,False,False,False,False,False,False,False,False,False,False,False,False,True,False,False,True,False,False,False,False,False,False,False,False,False,False,True,False,False,True,True,215,500,0,0,-49000,20,3,2,2,51390,Y,Y
1246.68,5900,5900,False,True,False,False,False,False,False,False,True,False,False,False,False,False,False,False,True,False,False,False,False,False,False,False,True,False,False,False,True,False,False,False,True,False,False,True,False,False,False,False,179,2000,0,0,0,10,1,0,1,41300,N,N
1330.39,4990,9980,False,False,True,False,False,False,True,False,False,False,False,False,False,False,False,False,False,True,False,False,False,False,False,False,False,False,True,False,True,False,False,False,False,True,False,False,True,False,False,True,99,500,0,0,0,3,1,2,2,34930,N,N
1030.95,7180,3590,False,True,False,False,False,False,False,False,False,False,False,False,False,False,True,False,False,False,False,False,False,False,False,True,False,False,False,False,False,False,True,False,False,False,False,False,False,False,False,False,270,2000,0,47200,0,20,3,1,0,25130,Y,Y
1693.83,5340,5340,True,False,True,False,True,False,False,False,False,False,False,False,False,False,False,False,False,False,True,False,False,False,False,True,False,False,False,False,True,False,False,False,True,False,False,False,False,True,False,False,204,1000,7000000,44000,-20800,6,1,1,0,42720,N,N
1153.49,10100,5050,True,False,True,False,False,False,False,False,False,False,True,False,False,False,False,False,False,False,False,False,False,False,False,True,False,False,False,False,False,False,False,True,False,True,False,False,True,False,True,True,208,500,0,0,0,16,3,1,0,35350,N,N
1520.78,520,260,False,False,False,False,True,False,False,False,False,False,True,False,False,False,False,False,False,False,False,False,False,False,False,False,False,False,True,True,False,False,True,False,False,False,True,False,False,False,False,True,140,1000,0,0,-42900,5,1,0,2,2080,Y,Y
1390.89,9720,4860,True,False,True,True,False,False,False,False,False,True,False,False,False,False,False,False,False,False,False,False,False,False,False,False,False,False,True,False,True,False,False,False,True,False,False,False,True,False,False,False,254,500,5000000,0,-74400,23,1,2,2,38880,N,N
1256.2,8340,8340,False,False,False,False,False,True,False,False,False,False,False,False,False,False,False,False,False,False,False,True,False,False,True,False,False,False,False,False,False,False,False,True,True,False,False,False,True,False,True,True,204,500,0,0,0,10,3,1,2,25020,N,N
1107.07,600,600,False,True,False,False,True,False,False,False,False,False,False,False,False,False,False,False,False,False,True,False,False,False,False,False,False,False,False,False,False,True,True,False,True,False,False,False,False,True,False,True,137,500,0,0,-45300,21,1,0,0,2100,N,N
1448.84,660,660,True,False,False,False,False,False,False,True,False,False,False,False,False,False,True,False,False,False,False,False,False,False,False,False,False,False,False,True,False,False,True,False,False,False,True,False,False,True,False,False,276,500,0,0,-50000,7,1,0,1,4620,N,Y
1107.59,10440,10440,True,False,True,False,False,False,False,False,True,False,False,False,False,False,False,False,False,False,False,False,True,False,True,False,False,False,False,False,True,False,False,True,False,False,False,False,True,False,False,False,229,2000,3000000,65400,0,23,1,1,3,41760,N,Y
1251.16,6330,6330,False,False,False,False,False,False,False,False,False,False,False,False,False,False,True,False,False,False,False,False,False,False,True,False,False,False,False,False,True,False,False,False,False,True,False,False,False,False,False,False,379,500,0,41400,0,14,1,0,1,63300,N,N
1324.78,15280,7640,False,True,False,False,False,False,False,False,True,False,False,False,False,False,False,False,False,True,False,False,False,False,True,False,False,False,False,False,True,False,False,False,False,False,False,False,False,True,False,True,197,1000,0,0,-64500,6,1,2,2,53480,Y,Y
1722.5,7690,7690,False,False,True,False,True,False,False,False,False,False,False,False,False,False,False,True,False,False,False,False,False,False,False,False,False,False,True,False,True,False,False,True,False,False,False,False,True,False,False,False,29,1000,0,0,-21500,22,1,0,2,61520,N,Y
1354.2,5470,10940,False,False,False,True,False,False,False,False,False,False,False,False,False,False,False,False,False,False,False,False,False,False,False,False,False,False,True,False,False,False,False,True,True,False,False,False,True,False,False,False,140,500,0,100500,0,4,4,0,0,43760,N,N
873.64,11400,11400,False,True,False,False,False,False,False,False,False,False,False,False,False,False,False,False,True,False,False,False,False,False,False,False,False,False,False,False,False,False,False,False,True,False,False,False,True,False,False,False,153,1000,4000000,800,0,9,3,2,1,45600,N,N
845.16,6130,6130,False,False,False,False,False,False,False,True,False,False,False,False,False,False,False,False,True,False,False,False,False,False,False,True,False,False,False,False,True,False,False,False,False,False,False,False,False,True,True,False,310,1000,0,0,0,21,1,1,0,42910,Y,Y
1141.35,5490,5490,False,False,True,False,False,False,False,True,False,False,True,False,False,False,False,False,False,False,False,False,False,False,True,False,False,False,False,False,True,False,False,False,False,False,False,False,False,False,False,False,296,1000,7000000,0,0,18,1,0,2,43920,N,Y
988.93,15380,15380,True,False,False,False,True,False,False,False,False,False,True,False,False,False,False,False,False,False,False,False,False,False,False,False,False,True,False,False,True,False,False,False,False,True,False,False,True,False,False,True,89,1000,0,27600,0,11,1,2,3,53830,N,N
1170.53,5690,11380,False,False,False,False,False,False,False,False,True,True,False,False,False,False,False,False,False,False,False,False,False,False,False,False,False,False,True,False,False,False,True,False,False,True,False,True,False,False,False,True,259,2000,0,65000,-49200,17,3,1,2,45520,N,N
1090.65,5340,5340,True,False,True,False,True,False,False,False,False,False,False,True,False,False,False,False,False,False,False,False,False,False,False,False,False,True,False,False,False,False,True,False,True,False,False,False,False,True,False,True,156,500,0,0,-51800,16,4,1,2,42720,Y,Y
1125.4,220,440,False,True,True,False,False,False,False,True,False,False,False,False,False,False,False,False,False,False,False,False,False,False,False,False,False,False,False,False,False,True,True,False,False,False,True,False,False,False,False,False,215,1000,0,40000,-43400,6,1,2,1,1980,N,Y
1282.93,6080,12160,False,True,False,True,False,False,False,False,False,False,False,True,False,False,False,False,False,False,False,False,False,False,False,True,False,False,False,False,False,False,False,True,False,False,False,False,False,True,False,False,4,500,0,0,0,0,4,0,0,48640,Y,Y
1471.44,4580,9160,False,True,True,False,True,False,False,False,False,False,False,False,False,False,False,False,False,False,False,False,False,True,False,False,True,False,False,False,True,False,True,False,False,False,False,True,False,False,False,False,58,2000,5000000,57500,0,8,1,2,1,36640,Y,Y
1629.94,350,350,True,False,False,False,False,False,False,True,False,False,False,False,False,False,False,False,True,False,False,False,False,False,False,True,False,False,False,True,False,False,True,False,False,False,True,False,False,False,False,False,122,1000,0,0,-47100,17,1,0,1,3150,N,Y
932.14,14300,7150,False,True,True,False,False,False,True,False,False,False,False,False,False,False,False,False,False,False,False,True,False,False,False,False,True,False,False,False,False,False,True,False,False,True,False,True,False,False,False,False,107,2000,0,40600,0,2,3,2,3,57200,Y,N
1231.25,4880,9760,False,False,False,False,False,False,False,False,True,False,True,False,False,False,False,False,False,False,False,False,False,False,True,False,False,False,False,False,False,False,True,False,True,False,False,False,False,False,False,False,194,2000,0,46500,0,15,3,1,0,39040,N,N
1153.54,12380,12380,True,False,True,False,False,False,False,True,False,False,False,False,False,False,False,False,False,False,True,False,False,False,False,False,False,True,False,False,False,False,True,False,True,False,False,True,False,False,False,False,242,2000,6000000,0,-57000,3,3,0,1,43330,N,N
1335.13,6090,6090,False,True,False,False,True,False,False,False,False,False,False,False,True,False,False,False,False,False,False,False,False,False,False,False,False,True,False,False,True,False,True,False,False,True,False,False,False,True,True,False,414,500,0,44000,-71000,13,1,1,1,42630,Y,N
1255.35,11860,5930,False,False,False,False,False,True,False,False,False,False,False,False,False,False,False,False,False,False,True,False,False,False,True,False,False,False,False,False,False,False,True,False,False,True,False,False,False,False,False,True,212,1000,0,60300,-58900,22,2,0,3,41510,N,N
1370.92,3480,6960,True,False,True,True,False,False,False,False,False,False,False,False,False,False,False,False,False,False,False,False,False,True,False,False,False,True,False,False,True,False,True,False,True,False,False,False,False,True,True,False,95,2000,0,48900,0,22,1,0,3,24360,N,N
1276.73,6880,6880,True,False,False,False,False,False,False,True,False,False,False,False,False,True,False,False,False,False,False,False,False,False,False,True,False,False,False,False,False,False,False,False,False,False,False,False,False,True,False,False,239,1000,5000000,0,0,12,3,1,3,48160,N,Y
1166.62,570,570,True,False,True,False,False,False,False,False,False,False,False,False,False,False,False,False,True,False,False,False,False,False,False,False,False,False,True,True,False,False,True,False,False,False,True,False,False,True,False,False,380,2000,6000000,0,0,23,1,0,3,4560,N,Y
1401.2,1060,1060,True,False,False,False,True,False,False,False,False,False,True,False,False,False,False,False,False,False,False,False,False,False,False,False,True,False,False,False,False,True,True,False,False,False,True,False,False,True,False,False,394,500,0,51500,0,9,1,1,0,4770,N,Y
1310.8,17440,8720,False,True,False,False,False,False,False,True,False,False,True,False,False,False,False,False,False,False,False,False,False,False,False,False,False,True,False,False,True,False,False,False,True,False,False,True,False,False,True,False,3,1000,0,0,0,20,1,0,1,61040,N,N
1586.41,6870,13740,True,False,False,False,True,False,False,False,False,False,False,False,False,False,False,False,False,False,False,True,False,False,False,True,False,False,False,False,True,False,False,False,False,False,False,False,False,True,True,False,15,2000,0,33500,-58900,10,1,1,3,54960,Y,Y
1276.57,15780,7890,False,False,True,False,False,False,False,False,True,False,True,False,False,False,False,False,False,False,False,False,False,False,True,False,False,False,False,False,True,False,True,False,True,False,False,True,False,False,True,False,22,1000,0,71500,0,3,1,1,2,55230,N,N
1167.3,13860,13860,False,True,True,False,True,False,False,False,False,False,False,False,False,False,False,False,True,False,False,False,False,False,False,True,False,False,False,False,True,False,False,True,True,False,False,True,False,False,False,False,255,2000,4000000,0,0,22,1,2,0,41580,N,N
1279.13,7370,14740,False,False,True,False,False,False,False,False,True,False,True,False,False,False,False,False,False,False,False,False,False,False,False,True,False,False,False,False,False,False,False,True,True,False,False,False,False,False,False,True,272,1000,0,0,0,5,3,1,2,58960,Y,N
1266.92,16500,11000,False,False,True,False,False,False,False,True,False,False,False,False,False,False,False,False,False,False,False,True,False,False,False,False,True,False,False,False,False,False,True,False,False,False,False,False,True,False,False,True,8,2000,0,0,0,16,3,1,3,44000,Y,Y
895.83,3010,0,True,False,False,False,False,False,False,False,False,False,False,False,False,False,False,False,False,False,False,True,False,False,False,False,False,False,False,False,True,False,True,False,True,False,False,False,False,False,False,False,199,1000,0,0,0,10,1,1,2,27090,N,N
1081.08,11280,11280,False,False,True,False,False,True,False,False,False,False,False,False,False,False,False,False,True,False,False,False,False,False,False,False,False,True,False,False,True,False,False,False,True,False,False,False,True,False,True,False,269,2000,0,36400,-28700,14,1,0,2,33840,N,N
1297.75,15180,15180,False,False,False,False,False,True,False,False,False,False,False,False,False,False,False,True,False,False,False,False,False,False,False,False,True,False,False,False,False,False,True,False,False,True,False,False,False,False,False,False,269,500,4000000,0,-41400,15,3,0,1,68310,Y,N
990.11,1060,1060,False,False,True,False,False,False,False,True,False,False,False,False,False,False,False,False,False,False,False,True,False,False,False,True,False,False,False,True,False,False,True,False,False,False,True,False,False,False,False,True,130,500,0,0,-41200,8,1,1,3,3710,N,Y
1348.32,860,860,False,False,False,False,False,False,False,False,False,False,True,False,False,False,False,False,False,False,False,False,False,False,False,False,False,False,True,False,False,True,True,False,False,False,True,False,False,True,False,False,186,1000,0,37600,-37600,3,1,2,1,3010,Y,Y
1294.41,1380,1380,True,False,True,False,True,False,False,False,False,False,False,False,False,False,False,False,False,False,False,False,False,True,False,False,False,False,False,False,False,True,True,False,True,False,False,False,False,False,True,False,41,500,0,0,0,8,1,0,0,6210,N,N
979.26,14560,14560,False,True,False,False,False,True,False,False,False,False,False,False,False,False,False,False,False,False,False,False,False,True,False,False,True,False,False,False,False,False,False,False,False,False,False,True,False,False,True,True,140,2000,0,0,-67000,2,4,0,2,43680,N,Y
1537.13,6340,6340,False,True,False,False,False,False,False,False,True,False,False,False,False,True,False,False,False,False,False,False,False,False,False,False,True,False,False,False,False,False,False,True,False,True,False,False,True,False,False,True,259,2000,0,0,-58300,3,3,0,2,44380,N,N
773.99,640,320,True,False,True,False,False,False,False,False,False,True,False,False,False,False,False,False,False,False,False,False,False,False,False,True,False,False,False,False,False,True,True,False,False,False,True,False,False,False,True,False,95,1000,0,0,-70300,3,1,1,2,2240,N,Y
1078.65,12120,6060,True,False,True,False,False,True,False,False,False,False,True,False,False,False,False,False,False,False,False,False,False,False,True,False,False,False,False,False,True,False,False,False,True,False,False,False,False,True,False,True,386,500,0,36800,0,16,1,2,3,48480,N,N
1616.58,6360,12720,True,False,True,False,False,True,False,False,False,False,False,False,False,False,False,False,False,False,False,False,False,False,False,False,False,False,False,False,False,False,True,False,False,False,False,False,True,False,True,True,142,2000,0,58500,-46800,13,3,0,3,44520,N,Y
1543.68,9440,4720,True,False,False,False,False,False,False,True,False,False,False,False,False,False,False,False,False,True,False,False,False,False,True,False,False,False,False,False,True,False,False,True,False,False,False,False,False,True,False,True,183,500,0,20200,0,17,1,0,1,37760,Y,Y
1197.71,13040,13040,False,False,True,False,False,False,False,True,False,False,False,False,False,False,True,False,False,False,False,False,False,False,True,False,False,False,False,False,False,False,False,False,False,True,False,False,False,False,False,False,45,1000,0,29000,0,17,3,2,0,52160,N,N
1093.83,4440,8880,False,False,True,False,False,False,False,False,False,False,False,False,False,False,False,False,False,False,False,False,False,False,False,True,False,False,False,False,False,False,False,True,False,False,False,False,False,False,False,False,266,500,4000000,0,-49600,18,3,1,1,39960,Y,Y
977.4,5570,11140,False,True,True,False,False,False,False,True,False,False,False,False,False,False,False,False,False,False,False,False,False,True,False,False,True,False,False,False,True,False,False,False,False,True,False,True,False,False,True,False,467,2000,0,82200,0,2,1,2,3,38990,N,N
958.3,8520,8520,False,True,False,False,False,False,False,False,True,False,False,False,False,False,True,False,False,False,False,False,False,False,False,False,False,False,False,False,False,False,False,True,False,False,False,True,False,False,False,False,284,500,0,47900,0,19,3,0,0,29820,N,Y
1376.16,5970,5970,False,False,False,False,False,False,False,False,True,False,False,False,False,False,False,False,False,False,False,False,True,False,False,False,True,False,False,False,False,False,False,False,False,False,False,False,False,True,False,False,448,2000,0,38600,-50300,10,3,2,1,35820,Y,Y
1247.87,4570,4570,True,False,True,False,False,False,False,True,False,True,False,False,False,False,False,False,False,False,False,False,False,False,False,False,False,False,False,False,False,False,False,True,False,True,False,True,False,False,False,False,165,2000,0,0,-39700,20,3,2,2,36560,N,N
1434.27,5010,10020,True,False,False,False,False,False,False,False,False,False,False,False,False,False,False,False,False,False,False,False,True,False,False,False,False,True,False,False,True,False,True,False,False,False,False,False,True,False,False,False,145,2000,0,0,-35900,13,1,2,3,40080,N,Y
795.23,15440,0,False,False,True,False,False,False,False,False,True,False,False,False,False,False,True,False,False,False,False,False,False,False,False,True,False,False,False,False,False,False,True,False,False,False,False,False,False,True,True,False,154,500,0,36900,0,15,3,2,1,54040,Y,Y
1387.35,10220,10220,True,False,True,False,False,True,False,False,False,False,False,False,False,False,False,False,False,False,False,False,False,True,True,False,False,False,False,False,True,False,False,False,True,False,False,True,False,False,False,False,280,1000,0,0,-72000,16,1,2,2,40880,N,N
1533.07,0,6500,False,False,True,False,False,True,False,False,False,False,False,False,True,False,False,False,False,False,False,False,False,False,False,False,True,False,False,False,True,False,True,False,False,False,False,False,False,True,True,True,56,500,0,0,-28800,13,1,1,2,52000,N,Y
1358.2,5870,11740,False,False,False,False,False,False,True,False,False,False,False,False,False,False,False,False,False,False,False,False,False,True,False,False,False,False,False,False,False,False,False,False,False,False,False,False,False,False,True,False,253,500,0,52900,0,11,3,0,0,46960,N,Y
968.46,6600,13200,False,False,True,False,False,False,True,False,False,False,False,False,False,False,False,False,False,False,False,False,True,False,True,False,False,False,False,False,False,False,False,True,False,True,False,False,False,False,False,False,16,1000,0,50800,-66200,0,3,0,2,39600,Y,N
1045.12,0,15540,False,False,False,False,True,False,False,False,False,False,False,False,False,False,False,False,False,False,False,False,False,True,False,True,False,False,False,False,False,False,False,True,False,False,False,False,False,False,False,False,128,500,0,0,-28300,2,3,0,2,54390,Y,Y
1521.55,13640,6820,True,False,False,False,False,False,False,False,False,False,False,False,False,False,False,False,True,False,False,False,False,False,False,True,False,False,False,False,True,False,True,False,False,False,False,True,False,False,False,True,218,500,0,61100,-64500,18,1,1,3,47740,Y,Y
1285.01,5850,5850,False,True,True,False,False,False,False,True,False,False,False,False,False,False,True,False,False,False,False,False,False,False,True,False,False,False,False,False,True,False,True,False,False,False,False,False,False,False,False,True,278,500,0,0,-39800,21,1,2,2,46800,N,Y
1416.24,1080,540,False,True,False,False,False,False,True,False,False,False,False,False,False,False,False,False,False,False,False,False,False,False,True,False,False,False,False,True,False,False,True,False,True,False,False,False,False,False,True,False,194,500,0,0,0,7,1,1,0,4320,N,N
1484.48,5730,11460,False,False,True,False,False,False,False,False,True,True,False,False,False,False,False,False,False,False,False,False,False,False,True,False,False,False,False,False,True,False,False,True,False,False,False,False,False,True,False,False,26,1000,0,50700,-36300,10,1,2,3,45840,N,Y
1316.63,13000,13000,True,False,False,False,False,False,False,True,False,False,False,False,False,False,True,False,False,False,False,False,False,False,False,False,False,True,False,False,False,False,False,True,True,False,False,False,True,False,True,False,91,2000,8000000,43900,0,13,3,2,0,58500,N,N
1312.75,7340,14680,False,False,False,False,False,False,False,False,True,False,False,False,False,False,False,False,False,False,False,True,False,False,False,True,False,False,False,False,False,False,True,False,False,False,False,False,True,False,False,True,253,2000,0,81300,0,10,3,2,2,58720,Y,Y
922.67,9360,9360,False,False,False,True,False,False,False,False,False,False,False,False,False,False,False,False,True,False,False,False,False,False,False,True,False,False,False,False,False,False,True,False,False,False,False,False,False,False,True,False,61,500,0,47400,0,15,3,2,1,46800,Y,Y
1012.78,19020,19020,True,False,True,False,False,False,True,False,False,False,False,False,False,False,False,False,False,False,False,True,False,False,False,True,False,False,False,False,True,False,False,False,False,False,False,True,False,False,False,False,317,1000,0,43700,0,18,1,2,1,66570,Y,Y
1337.56,7470,14940,True,False,False,True,False,False,False,False,False,False,False,False,False,False,False,False,False,True,False,False,False,False,False,False,False,True,False,False,True,False,True,False,True,False,False,False,False,True,False,True,261,500,0,0,0,18,1,1,2,52290,N,N
1248.05,5920,0,True,False,False,False,True,False,False,False,False,False,False,True,False,False,False,False,False,False,False,False,False,False,False,False,False,False,False,False,False,False,True,False,False,True,False,False,False,True,True,False,22,1000,0,37500,-54000,3,3,1,2,47360,N,N
1878.44,5370,5370,False,True,True,False,True,False,False,False,False,False,False,False,False,False,False,True,False,False,False,False,False,False,False,False,False,False,False,False,True,False,True,False,False,True,False,True,False,False,False,False,128,1000,0,0,-76000,2,1,0,0,48330,N,N
1195.01,0,6100,False,False,False,False,False,False,False,False,False,False,False,False,False,False,False,False,False,False,False,True,False,False,False,False,True,False,False,False,False,False,False,True,False,False,False,False,True,False,False,False,283,500,0,60700,-54300,13,3,0,2,36600,Y,Y
1711.72,5750,11500,False,True,False,False,False,True,False,False,False,False,False,False,False,False,False,False,False,False,False,False,True,False,False,False,False,False,True,False,False,False,True,False,False,False,False,True,False,False,False,False,20,1000,0,0,0,21,3,2,2,46000,Y,Y
1443.32,5310,5310,True,False,False,False,False,False,False,False,True,False,False,True,False,False,False,False,False,False,False,False,False,False,False,False,False,True,False,False,False,False,True,False,False,False,False,True,False,False,False,True,134,2000,0,0,0,19,3,0,2,37170,Y,Y
828.42,5600,5600,True,False,False,True,False,False,False,False,False,False,False,False,False,False,False,False,False,True,False,False,False,False,False,True,False,False,False,False,True,False,False,False,False,True,False,False,False,True,False,False,200,1000,3000000,0,0,10,1,2,2,44800,N,N
1220.86,0,960,False,True,True,False,False,True,False,False,False,False,False,False,False,False,False,True,False,False,False,False,False,False,False,False,False,False,False,True,False,False,True,False,False,False,True,False,False,False,True,False,125,500,0,55400,-40400,4,1,1,2,3360,N,Y
1486.04,12820,6410,True,False,False,False,False,False,False,False,False,True,False,False,False,False,False,False,False,False,False,False,False,False,False,False,True,False,False,False,False,False,True,False,False,False,False,False,True,False,False,False,338,2000,0,0,-56200,1,3,2,3,44870,Y,Y
1223.39,8180,8180,False,False,False,False,False,False,True,False,False,False,True,False,False,False,False,False,False,False,False,False,False,False,False,False,False,False,True,False,False,False,True,False,False,True,False,False,False,False,False,False,209,2000,0,0,0,17,3,1,3,49080,N,N
1260.32,9100,4550,False,False,True,False,False,True,False,False,False,False,False,False,False,False,False,True,False,False,False,False,False,False,True,False,False,False,False,False,True,False,False,True,False,True,False,True,False,False,False,False,32,2000,6000000,0,-79800,16,1,1,2,31850,N,N
1290.74,7170,14340,False,False,False,False,True,False,False,False,False,False,False,False,False,False,False,False,False,True,False,False,False,False,False,False,False,False,False,False,False,False,False,True,False,False,False,False,False,False,False,True,316,2000,5000000,58300,0,6,3,2,0,57360,N,Y
1375.29,6240,6240,False,True,False,False,False,False,False,True,False,True,False,False,False,False,False,False,False,False,False,False,False,False,False,False,True,False,False,False,False,False,False,True,False,False,False,False,False,False,False,False,147,2000,0,0,0,11,3,0,1,43680,Y,Y
1281.27,6550,6550,True,False,False,False,False,False,False,False,True,False,False,False,False,False,False,False,False,False,False,False,True,False,True,False,False,False,False,False,False,False,True,False,True,False,False,True,False,False,False,False,120,1000,0,68900,0,9,3,0,3,52400,N,N
1203.17,11500,5750,False,False,False,False,False,False,True,False,False,False,False,False,False,False,False,False,False,True,False,False,False,False,False,False,False,True,False,False,True,False,True,False,False,True,False,True,False,False,False,False,256,500,0,56700,-65600,11,1,0,0,46000,N,N
1050.24,360,720,False,False,False,False,False,False,False,True,False,False,False,False,False,False,False,False,False,False,False,False,False,False,False,False,False,False,True,True,False,False,True,False,True,False,False,False,False,False,False,False,162,1000,0,30700,0,7,1,0,0,2520,Y,N
1112.04,780,780,True,False,False,False,False,False,False,False,True,False,False,False,False,False,False,True,False,False,False,False,False,False,False,False,True,False,False,True,False,False,True,False,True,False,False,False,False,False,False,False,108,2000,6000000,52800,-54300,5,1,1,3,2730,N,N
1124.47,16460,16460,False,False,False,False,False,False,True,False,False,False,False,False,False,False,False,False,False,False,False,False,True,False,False,False,False,False,True,False,True,False,False,True,False,True,False,False,False,False,False,False,204,2000,0,0,-45100,5,1,0,1,57610,N,N
1328.26,13520,6760,True,False,True,False,False,False,False,True,False,False,False,False,False,False,False,False,False,False,False,True,False,False,True,False,False,False,False,False,True,False,False,False,False,True,False,False,False,True,False,False,126,1000,0,42300,-45800,17,1,1,1,40560,N,N
1270.55,7720,15440,True,False,True,False,False,False,False,True,False,False,False,False,False,False,False,False,False,False,True,False,False,False,False,False,False,True,False,False,False,False,False,True,False,True,False,False,True,False,True,False,97,1000,0,0,-72100,10,3,2,3,61760,Y,N
1172.82,780,390,False,False,True,False,False,False,False,False,False,False,False,False,False,False,True,False,False,False,False,False,False,False,False,True,False,False,False,False,False,True,True,False,False,False,True,False,False,True,False,False,107,500,4000000,82100,0,8,1,1,3,2730,N,Y
1512.58,280,280,False,False,False,True,False,False,False,False,False,False,False,False,False,False,False,False,False,False,False,True,False,False,False,True,False,False,False,False,False,True,True,False,True,False,False,False,False,True,False,False,285,2000,0,47600,0,7,1,1,1,1960,N,N
1217.69,9720,9720,False,True,False,False,False,False,True,False,False,False,False,False,False,False,False,False,False,True,False,False,False,False,False,False,False,False,True,False,False,False,False,True,False,False,False,False,True,False,False,False,11,2000,0,24000,0,6,3,1,0,34020,Y,Y
1190.6,7860,7860,True,False,True,False,False,False,False,True,False,False,False,True,False,False,False,False,False,False,False,False,False,False,False,False,False,True,False,False,True,False,True,False,True,False,False,True,False,False,False,True,275,2000,0,0,-45300,17,1,1,3,27510,N,N
1259.02,940,940,True,False,False,False,False,True,False,False,False,False,False,False,False,False,False,False,False,False,False,False,True,False,False,False,False,True,False,True,False,False,True,False,False,False,True,False,False,False,False,False,85,500,0,67000,-53600,8,1,2,2,3760,N,Y
1451.54,7230,14460,True,False,True,False,False,True,False,False,False,False,False,False,False,False,False,False,False,False,False,False,False,False,False,False,False,False,False,False,False,False,False,True,False,True,False,False,False,True,False,False,343,500,3000000,0,0,13,4,2,3,43380,N,N
1202.75,6630,13260,True,False,True,False,True,False,False,False,False,False,False,False,False,True,False,False,False,False,False,False,False,False,True,False,False,False,False,False,False,False,False,False,True,False,False,False,False,True,False,True,75,1000,0,57900,-90100,23,3,0,2,59670,N,N
1489.24,1240,1240,False,True,False,False,False,True,False,False,False,False,False,False,False,False,False,True,False,False,False,False,False,False,False,False,False,False,True,False,False,True,True,False,True,False,False,False,False,False,True,True,194,1000,6000000,0,-45000,15,1,2,2,5580,N,N
